<Objects>
	<Object>
		<Token>[CURRENTDATE]</Token>
		<Settings>
			<Setting>
				<Name>CssClass</Name>
				<Value>currentdate</Value>
			</Setting>
		</Settings>
	</Object>
	<Object>
		<Token>[USER]</Token>
		<Settings>
			<Setting>
				<Name>CssClass</Name>
				<Value>link_text</Value>
			</Setting>
		</Settings>
	</Object>
	<Object>
		<Token>[LOGIN]</Token>
		<Settings>
			<Setting>
				<Name>CssClass</Name>
				<Value>link_text</Value>
			</Setting>
		</Settings>
	</Object>
	<Object>
		<Token>[SEARCH]</Token>
		<Settings>
			<Setting>
				<Name>CssClass</Name>
				<Value>link_text</Value>
			</Setting>
		</Settings>
	</Object>
	<Object>
		<Token>[SOLPARTMENU:1]</Token>
		<Settings>
			<Setting>
				<Name>MenuEffectsMouseOverExpand</Name>
				<Value>False</Value>
			</Setting>
			<Setting>
				<Name>UseRootBreadcrumbArrow</Name>
				<Value>false</Value>
			</Setting>
			<Setting>
				<Name>UsearRows</Name>
				<Value>false</Value>
			</Setting>
			<Setting>
				<Name>RootMenuItemLeftHtml</Name>
				<Value><![CDATA[&lt;span&gt;&lt;span class=IN_RootMenuItemLeft&gt;&lt;/span&gt;&lt;span class=IN_RootMenuItem&gt;]]></Value>
			</Setting>
			<Setting>
				<Name>RootMenuItemRightHtml</Name>
				<Value><![CDATA[&lt;/span&gt;&lt;span class=IN_RootMenuItemRight&gt;&lt;/span&gt;&lt;/span&gt;]]></Value>
			</Setting>
			<Setting>
				<Name>RootMenuItemCssClass</Name>
				<Value>MainMenu_RootMenuItem</Value>
			</Setting>
			<Setting>
				<Name>RootMenuItemSelectedCssClass</Name>
				<Value>MainMenu_RootMenuItemSelected</Value>
			</Setting>
			<Setting>
				<Name>RootMenuItemBreadCrumbCssClass</Name>
				<Value>MainMenu_RootMenuItemBreadCrumb</Value>
			</Setting>
			<Setting>
				<Name>SelectedBorderColor</Name>
				<Value>blue</Value>
			</Setting>
		</Settings>
	</Object>
	<Object>
		<Token>[SOLPARTMENU:2]</Token>
		<Settings>
			<Setting>
				<Name>RootOnly</Name>
				<Value>true</Value>
			</Setting>
			<Setting>
				<Name>UseRootBreadcrumbArrow</Name>
				<Value>false</Value>
			</Setting>
			<Setting>
				<Name>UsearRows</Name>
				<Value>false</Value>
			</Setting>
			<Setting>
				<Name>Display</Name>
				<Value>Vertical</Value>
			</Setting>
			<Setting>
				<Name>Level</Name>
				<Value>child</Value>
			</Setting>
			<Setting>
				<Name>RootMenuItemCssClass</Name>
				<Value>ChildMenu_RootMenuItem</Value>
			</Setting>	
			<Setting>
				<Name>RootMenuItemSelectedCssClass</Name>
				<Value>ChildMenu_RootMenuItemSelected</Value>
			</Setting>					
		</Settings>
	</Object>
	<Object>
		<Token>[BREADCRUMB]</Token>
		<Settings>
			<Setting>
				<Name>RootLevel</Name>
				<Value>0</Value>
			</Setting>
			<Setting>
				<Name>CssClass</Name>
				<Value>skindetail_left_breadcrumb_link</Value>
			</Setting>
			<Setting>
				<Name>Separator</Name>
				<Value><![CDATA[&lt;!----&gt;]]></Value>
			</Setting>
		</Settings>
	</Object>
	<Object>
		<Token>[LINKS]</Token>
		<Settings>
			<Setting>
				<Name>CssClass</Name>
				<Value>link_text</Value>
			</Setting>
			<Setting>
				<Name>Separator</Name>
				<Value><![CDATA[&nbsp;|&nbsp;]]></Value>
			</Setting>			
			<Setting>
				<Name>Level</Name>
				<Value>same</Value>
			</Setting>
		</Settings>
	</Object>
	<Object>
		<Token>[COPYRIGHT]</Token>
		<Settings>
			<Setting>
				<Name>CssClass</Name>
				<Value>copyright</Value>
			</Setting>
		</Settings>
	</Object>
	<Object>
		<Token>[TERMS]</Token>
		<Settings>
			<Setting>
				<Name>CssClass</Name>
				<Value>link_text</Value>
			</Setting>
		</Settings>
	</Object>
	<Object>
		<Token>[PRIVACY]</Token>
		<Settings>
			<Setting>
				<Name>CssClass</Name>
				<Value>link_text</Value>
			</Setting>
		</Settings>
	</Object>
	<Object>
		<Token>[DOTNETNUKE]</Token>
		<Settings>
			<Setting>
				<Name>CssClass</Name>
				<Value>link_text</Value>
			</Setting>
		</Settings>
	</Object>
</Objects>